param,param_seasonal,results.aic
"(0, 0, 0)","(0, 0, 0, 7)",67513.73265969486
"(0, 0, 0)","(0, 0, 1, 7)",60050.35682452651
"(0, 0, 0)","(0, 0, 2, 7)",54700.25704747158
"(0, 0, 0)","(0, 1, 0, 7)",26506.024393165026
"(0, 0, 0)","(0, 1, 1, 7)",26478.89936256266
"(0, 0, 0)","(0, 1, 2, 7)",26452.11484914191
"(0, 0, 0)","(0, 2, 0, 7)",30368.002751607593
"(0, 0, 0)","(0, 2, 1, 7)",26484.135388391223
"(0, 0, 0)","(0, 2, 2, 7)",26452.86007454381
"(0, 0, 0)","(1, 0, 0, 7)",26508.928405227194
"(0, 0, 0)","(1, 0, 1, 7)",26504.93278821618
"(0, 0, 0)","(1, 0, 2, 7)",26478.39040904112
"(0, 0, 0)","(1, 1, 0, 7)",26482.84865367786
"(0, 0, 0)","(1, 1, 1, 7)",26480.735812799692
"(0, 0, 0)","(1, 1, 2, 7)",26454.10980682464
"(0, 0, 0)","(1, 2, 0, 7)",28755.45277492243
"(0, 0, 0)","(1, 2, 1, 7)",26484.489992120165
"(0, 0, 0)","(1, 2, 2, 7)",26457.556602957637
"(0, 0, 0)","(2, 0, 0, 7)",26481.67831256575
"(0, 0, 0)","(2, 0, 1, 7)",26483.710122420332
"(0, 0, 0)","(2, 0, 2, 7)",26480.424043959443
"(0, 0, 0)","(2, 1, 0, 7)",26456.404972971024
"(0, 0, 0)","(2, 1, 1, 7)",26458.36168393471
"(0, 0, 0)","(2, 1, 2, 7)",26453.202972974923
"(0, 0, 0)","(2, 2, 0, 7)",28028.617486763804
"(0, 0, 0)","(2, 2, 1, 7)",26460.78770363763
"(0, 0, 0)","(2, 2, 2, 7)",26457.49774971039
"(0, 0, 1)","(0, 0, 0, 7)",59978.15797236859
"(0, 0, 1)","(0, 0, 1, 7)",53329.2327835929
"(0, 0, 1)","(0, 0, 2, 7)",47677.58769683256
"(0, 0, 1)","(0, 1, 0, 7)",22679.218598168205
"(0, 0, 1)","(0, 1, 1, 7)",22511.210585636774
"(0, 0, 1)","(0, 1, 2, 7)",22490.008479385142
"(0, 0, 1)","(0, 2, 0, 7)",27163.320340965663
"(0, 0, 1)","(0, 2, 1, 7)",22669.273819068883
"(0, 0, 1)","(0, 2, 2, 7)",22496.1926695081
"(0, 0, 1)","(1, 0, 0, 7)",22686.66239772707
"(0, 0, 1)","(1, 0, 1, 7)",22773.059569098623
"(0, 0, 1)","(1, 0, 2, 7)",22512.16529398891
"(0, 0, 1)","(1, 1, 0, 7)",22525.072021461172
"(0, 0, 1)","(1, 1, 1, 7)",22513.209405470952
"(0, 0, 1)","(1, 1, 2, 7)",22492.016456426165
"(0, 0, 1)","(1, 2, 0, 7)",25128.24220230853
"(0, 0, 1)","(1, 2, 1, 7)",22532.546297374574
"(0, 0, 1)","(1, 2, 2, 7)",22498.192672641762
"(0, 0, 1)","(2, 0, 0, 7)",22524.168576205077
"(0, 0, 1)","(2, 0, 1, 7)",22518.61345779594
"(0, 0, 1)","(2, 0, 2, 7)",22514.098875039846
"(0, 0, 1)","(2, 1, 0, 7)",22497.995787868396
"(0, 0, 1)","(2, 1, 1, 7)",22499.93749351256
"(0, 0, 1)","(2, 1, 2, 7)",22494.01665923382
"(0, 0, 1)","(2, 2, 0, 7)",24258.385245763136
"(0, 0, 1)","(2, 2, 1, 7)",22511.255776033042
"(0, 0, 1)","(2, 2, 2, 7)",22505.058330577678
"(0, 0, 2)","(0, 0, 0, 7)",52972.73621827334
"(0, 0, 2)","(0, 0, 1, 7)",46130.85419002644
"(0, 0, 2)","(0, 0, 2, 7)",41200.809521119816
"(0, 0, 2)","(0, 1, 0, 7)",20971.5673337181
"(0, 0, 2)","(0, 1, 1, 7)",20503.439580290582
"(0, 0, 2)","(0, 1, 2, 7)",20484.406510427027
"(0, 0, 2)","(0, 2, 0, 7)",24972.1778726455
"(0, 0, 2)","(0, 2, 1, 7)",20967.61987787424
"(0, 0, 2)","(0, 2, 2, 7)",20494.703749699052
"(0, 0, 2)","(1, 0, 0, 7)",22842.278241292748
"(0, 0, 2)","(1, 0, 1, 7)",21388.999781933067
"(0, 0, 2)","(1, 0, 2, 7)",23095.189201898014
"(0, 0, 2)","(1, 1, 0, 7)",20563.618665321355
"(0, 0, 2)","(1, 1, 1, 7)",20505.230175631306
"(0, 0, 2)","(1, 1, 2, 7)",20485.047631925743
"(0, 0, 2)","(1, 2, 0, 7)",23513.426295531986
"(0, 0, 2)","(1, 2, 1, 7)",20571.748607995723
"(0, 0, 2)","(1, 2, 2, 7)",20496.703432136517
"(0, 0, 2)","(2, 0, 0, 7)",20565.156915461084
"(0, 0, 2)","(2, 0, 1, 7)",20700.317178411697
"(0, 0, 2)","(2, 0, 2, 7)",21403.47662761574
"(0, 0, 2)","(2, 1, 0, 7)",20504.491168898254
"(0, 0, 2)","(2, 1, 1, 7)",20495.284296167087
"(0, 0, 2)","(2, 1, 2, 7)",20486.241237800255
"(0, 0, 2)","(2, 2, 0, 7)",22540.194617885383
"(0, 0, 2)","(2, 2, 1, 7)",20523.01675173876
"(0, 0, 2)","(2, 2, 2, 7)",20498.700741843335
"(0, 1, 0)","(0, 0, 0, 7)",15860.964190209997
"(0, 1, 0)","(0, 0, 1, 7)",15849.324548621065
"(0, 1, 0)","(0, 0, 2, 7)",15835.331837841033
"(0, 1, 0)","(0, 1, 0, 7)",19674.19010425917
"(0, 1, 0)","(0, 1, 1, 7)",15870.05325413766
"(0, 1, 0)","(0, 1, 2, 7)",15857.41555153642
"(0, 1, 0)","(0, 2, 0, 7)",25635.32542273535
"(0, 1, 0)","(0, 2, 1, 7)",19680.224001657727
"(0, 1, 0)","(0, 2, 2, 7)",15946.387803256064
"(0, 1, 0)","(1, 0, 0, 7)",15851.32415589261
"(0, 1, 0)","(1, 0, 1, 7)",15851.075838870696
"(0, 1, 0)","(1, 0, 2, 7)",15836.394589421028
"(0, 1, 0)","(1, 1, 0, 7)",18139.33265688118
"(0, 1, 0)","(1, 1, 1, 7)",15872.052486635981
"(0, 1, 0)","(1, 1, 2, 7)",15857.413918632945
"(0, 1, 0)","(1, 2, 0, 7)",22441.130813620188
"(0, 1, 0)","(1, 2, 1, 7)",18168.668728455898
"(0, 1, 0)","(1, 2, 2, 7)",15948.384920504146
"(0, 1, 0)","(2, 0, 0, 7)",15837.482560523593
"(0, 1, 0)","(2, 0, 1, 7)",15838.551688718177
"(0, 1, 0)","(2, 0, 2, 7)",15837.59108724718
"(0, 1, 0)","(2, 1, 0, 7)",17510.04612492448
"(0, 1, 0)","(2, 1, 1, 7)",15865.082719064325
"(0, 1, 0)","(2, 1, 2, 7)",15859.412867095729
"(0, 1, 0)","(2, 2, 0, 7)",20970.923660527784
"(0, 1, 0)","(2, 2, 1, 7)",17543.213604395627
"(0, 1, 0)","(2, 2, 2, 7)",15968.652326390491
"(0, 1, 1)","(0, 0, 0, 7)",15860.971286736978
"(0, 1, 1)","(0, 0, 1, 7)",15849.334593847236
"(0, 1, 1)","(0, 0, 2, 7)",15835.35745068798
"(0, 1, 1)","(0, 1, 0, 7)",19673.212477347406
"(0, 1, 1)","(0, 1, 1, 7)",15870.085928569166
"(0, 1, 1)","(0, 1, 2, 7)",15857.720098044463
"(0, 1, 1)","(0, 2, 0, 7)",25633.439857483943
"(0, 1, 1)","(0, 2, 1, 7)",19678.83808485842
"(0, 1, 1)","(0, 2, 2, 7)",15946.364226074018
"(0, 1, 1)","(1, 0, 0, 7)",15853.226922989586
"(0, 1, 1)","(1, 0, 1, 7)",15851.161440279586
"(0, 1, 1)","(1, 0, 2, 7)",15836.329783170007
"(0, 1, 1)","(1, 1, 0, 7)",18140.4112805018
"(0, 1, 1)","(1, 1, 1, 7)",15872.086773905592
"(0, 1, 1)","(1, 1, 2, 7)",15857.662415559284
"(0, 1, 1)","(1, 2, 0, 7)",22441.98599819395
"(0, 1, 1)","(1, 2, 1, 7)",18166.737470618908
"(0, 1, 1)","(1, 2, 2, 7)",15948.522476741546
"(0, 1, 1)","(2, 0, 0, 7)",15839.40767997064
"(0, 1, 1)","(2, 0, 1, 7)",15840.480211082267
"(0, 1, 1)","(2, 0, 2, 7)",15837.532202619868
"(0, 1, 1)","(2, 1, 0, 7)",17511.548816615898
"(0, 1, 1)","(2, 1, 1, 7)",15867.021012413192
"(0, 1, 1)","(2, 1, 2, 7)",15859.66104711566
"(0, 1, 1)","(2, 2, 0, 7)",20970.969125317548
"(0, 1, 1)","(2, 2, 1, 7)",17544.717036864917
"(0, 1, 1)","(2, 2, 2, 7)",15967.095530027695
"(0, 1, 2)","(0, 0, 0, 7)",15860.448796616849
"(0, 1, 2)","(0, 0, 1, 7)",15848.838536480585
"(0, 1, 2)","(0, 0, 2, 7)",15834.91227766097
"(0, 1, 2)","(0, 1, 0, 7)",19667.85733982962
"(0, 1, 2)","(0, 1, 1, 7)",15869.629261285927
"(0, 1, 2)","(0, 1, 2, 7)",15857.282310475637
"(0, 1, 2)","(0, 2, 0, 7)",25625.967267451186
"(0, 1, 2)","(0, 2, 1, 7)",19673.056102690418
"(0, 1, 2)","(0, 2, 2, 7)",15945.953169287815
"(0, 1, 2)","(1, 0, 0, 7)",15854.624580083424
"(0, 1, 2)","(1, 0, 1, 7)",15850.696187535077
"(0, 1, 2)","(1, 0, 2, 7)",15835.85425305047
"(0, 1, 2)","(1, 1, 0, 7)",18139.330725969674
"(0, 1, 2)","(1, 1, 1, 7)",15871.628231083681
"(0, 1, 2)","(1, 1, 2, 7)",15857.20478924889
"(0, 1, 2)","(1, 2, 0, 7)",22434.548531735945
"(0, 1, 2)","(1, 2, 1, 7)",18162.650053408128
"(0, 1, 2)","(1, 2, 2, 7)",15948.079116581459
"(0, 1, 2)","(2, 0, 0, 7)",15840.855953270555
"(0, 1, 2)","(2, 0, 1, 7)",15841.901837454036
"(0, 1, 2)","(2, 0, 2, 7)",15837.039080861585
"(0, 1, 2)","(2, 1, 0, 7)",17513.45794521761
"(0, 1, 2)","(2, 1, 1, 7)",15868.542180470848
"(0, 1, 2)","(2, 1, 2, 7)",15859.203595916373
"(0, 1, 2)","(2, 2, 0, 7)",20971.68763165894
"(0, 1, 2)","(2, 2, 1, 7)",17546.62621464369
"(0, 1, 2)","(2, 2, 2, 7)",16076.152194505012
"(0, 2, 0)","(0, 0, 0, 7)",19681.051398204756
"(0, 2, 0)","(0, 0, 1, 7)",19664.14942435937
"(0, 2, 0)","(0, 0, 2, 7)",19641.802336995428
"(0, 2, 0)","(0, 1, 0, 7)",23512.139917214416
"(0, 2, 0)","(0, 1, 1, 7)",19678.70499685985
"(0, 2, 0)","(0, 1, 2, 7)",19660.759144763735
"(0, 2, 0)","(0, 2, 0, 7)",29453.91218719997
"(0, 2, 0)","(0, 2, 1, 7)",23508.48056482697
"(0, 2, 0)","(0, 2, 2, 7)",19746.188546754387
"(0, 2, 0)","(1, 0, 0, 7)",19666.82893399651
"(0, 2, 0)","(1, 0, 1, 7)",19664.77312094035
"(0, 2, 0)","(1, 0, 2, 7)",19642.69916687652
"(0, 2, 0)","(1, 1, 0, 7)",21997.813906725787
"(0, 2, 0)","(1, 1, 1, 7)",19680.699006782033
"(0, 2, 0)","(1, 1, 2, 7)",19661.93015040562
"(0, 2, 0)","(1, 2, 0, 7)",26303.876677451088
"(0, 2, 0)","(1, 2, 1, 7)",22021.522430430807
"(0, 2, 0)","(1, 2, 2, 7)",19748.117454131592
"(0, 2, 0)","(2, 0, 0, 7)",19644.42794063555
"(0, 2, 0)","(2, 0, 1, 7)",19645.020177696293
"(0, 2, 0)","(2, 0, 2, 7)",19639.10099578748
"(0, 2, 0)","(2, 1, 0, 7)",21343.890977283816
"(0, 2, 0)","(2, 1, 1, 7)",19665.158073079507
"(0, 2, 0)","(2, 1, 2, 7)",19663.87183982087
"(0, 2, 0)","(2, 2, 0, 7)",24850.07668402402
"(0, 2, 0)","(2, 2, 1, 7)",21372.134290011818
"(0, 2, 0)","(2, 2, 2, 7)",19769.94181522815
"(0, 2, 1)","(0, 0, 0, 7)",15865.166257182625
"(0, 2, 1)","(0, 0, 1, 7)",15853.563075750155
"(0, 2, 1)","(0, 0, 2, 7)",15839.606954488308
"(0, 2, 1)","(0, 1, 0, 7)",19678.52214697859
"(0, 2, 1)","(0, 1, 1, 7)",15884.172822550496
"(0, 2, 1)","(0, 1, 2, 7)",15871.742885550324
"(0, 2, 1)","(0, 2, 0, 7)",25637.51784702103
"(0, 2, 1)","(0, 2, 1, 7)",19693.63083431946
"(0, 2, 1)","(0, 2, 2, 7)",15972.111508663238
"(0, 2, 1)","(1, 0, 0, 7)",15857.569348622
"(0, 2, 1)","(1, 0, 1, 7)",15855.548086609873
"(0, 2, 1)","(1, 0, 2, 7)",15841.136470495285
"(0, 2, 1)","(1, 1, 0, 7)",18147.622761766866
"(0, 2, 1)","(1, 1, 1, 7)",15886.172840132509
"(0, 2, 1)","(1, 1, 2, 7)",15871.166250155413
"(0, 2, 1)","(1, 2, 0, 7)",22448.625972005124
"(0, 2, 1)","(1, 2, 1, 7)",18183.701673002735
"(0, 2, 1)","(1, 2, 2, 7)",16144.7392606955
"(0, 2, 1)","(2, 0, 0, 7)",15844.608041109681
"(0, 2, 1)","(2, 0, 1, 7)",15846.145334243332
"(0, 2, 1)","(2, 0, 2, 7)",15841.794725362613
"(0, 2, 1)","(2, 1, 0, 7)",17518.44623514246
"(0, 2, 1)","(2, 1, 1, 7)",15877.658158372273
"(0, 2, 1)","(2, 1, 2, 7)",15873.150471446153
"(0, 2, 1)","(2, 2, 0, 7)",20978.683258793233
"(0, 2, 1)","(2, 2, 1, 7)",17562.443184880696
"(0, 2, 1)","(2, 2, 2, 7)",15990.260939875945
"(0, 2, 2)","(0, 0, 0, 7)",15865.119940488112
"(0, 2, 2)","(0, 0, 1, 7)",15853.526172306145
"(0, 2, 2)","(0, 0, 2, 7)",15839.443203244598
"(0, 2, 2)","(0, 1, 0, 7)",19677.173987012888
"(0, 2, 2)","(0, 1, 1, 7)",15884.095901303126
"(0, 2, 2)","(0, 1, 2, 7)",15871.809376541647
"(0, 2, 2)","(0, 2, 0, 7)",25635.15636231559
"(0, 2, 2)","(0, 2, 1, 7)",19692.0757713509
"(0, 2, 2)","(0, 2, 2, 7)",15969.258753939848
"(0, 2, 2)","(1, 0, 0, 7)",15859.459298376727
"(0, 2, 2)","(1, 0, 1, 7)",15855.504285101702
"(0, 2, 2)","(1, 0, 2, 7)",15840.864555655851
"(0, 2, 2)","(1, 1, 0, 7)",18148.72688533817
"(0, 2, 2)","(1, 1, 1, 7)",15886.095808578495
"(0, 2, 2)","(1, 1, 2, 7)",15871.101985845251
"(0, 2, 2)","(1, 2, 0, 7)",22449.50912316089
"(0, 2, 2)","(1, 2, 1, 7)",18181.468009583987
"(0, 2, 2)","(1, 2, 2, 7)",16137.155690586602
"(0, 2, 2)","(2, 0, 0, 7)",15846.527791504715
"(0, 2, 2)","(2, 0, 1, 7)",15848.068194296458
"(0, 2, 2)","(2, 0, 2, 7)",15841.546295675182
"(0, 2, 2)","(2, 1, 0, 7)",17519.968640014395
"(0, 2, 2)","(2, 1, 1, 7)",15879.561898594426
"(0, 2, 2)","(2, 1, 2, 7)",15873.084937469916
"(0, 2, 2)","(2, 2, 0, 7)",20978.76657053344
"(0, 2, 2)","(2, 2, 1, 7)",17563.965578075014
"(0, 2, 2)","(2, 2, 2, 7)",17106.551644645602
"(1, 0, 0)","(0, 0, 0, 7)",15864.433119249166
"(1, 0, 0)","(0, 0, 1, 7)",15852.882690856726
"(1, 0, 0)","(0, 0, 2, 7)",15839.036640132386
"(1, 0, 0)","(0, 1, 0, 7)",19270.777144851465
"(1, 0, 0)","(0, 1, 1, 7)",15871.44713723216
"(1, 0, 0)","(0, 1, 2, 7)",15858.590252783008
"(1, 0, 0)","(0, 2, 0, 7)",25032.900475937975
"(1, 0, 0)","(0, 2, 1, 7)",19277.300484198873
"(1, 0, 0)","(0, 2, 2, 7)",15947.95136130911
"(1, 0, 0)","(1, 0, 0, 7)",15852.890594977478
"(1, 0, 0)","(1, 0, 1, 7)",15857.341598694597
"(1, 0, 0)","(1, 0, 2, 7)",15840.790214336317
"(1, 0, 0)","(1, 1, 0, 7)",17891.598498904496
"(1, 0, 0)","(1, 1, 1, 7)",15873.446457536531
"(1, 0, 0)","(1, 1, 2, 7)",15858.800528000618
"(1, 0, 0)","(1, 2, 0, 7)",22010.22966292857
"(1, 0, 0)","(1, 2, 1, 7)",17923.44115360052
"(1, 0, 0)","(1, 2, 2, 7)",15950.04973083743
"(1, 0, 0)","(2, 0, 0, 7)",17888.17017832573
"(1, 0, 0)","(2, 0, 1, 7)",15840.05814910106
"(1, 0, 0)","(2, 0, 2, 7)",15843.79012855905
"(1, 0, 0)","(2, 1, 0, 7)",17329.48939375991
"(1, 0, 0)","(2, 1, 1, 7)",15863.822114481665
"(1, 0, 0)","(2, 1, 2, 7)",15860.831893813902
"(1, 0, 0)","(2, 2, 0, 7)",20623.007260182592
"(1, 0, 0)","(2, 2, 1, 7)",17361.93421179223
"(1, 0, 0)","(2, 2, 2, 7)",15970.053667535343
"(1, 0, 1)","(0, 0, 0, 7)",15864.43035568461
"(1, 0, 1)","(0, 0, 1, 7)",15852.791148793887
"(1, 0, 1)","(0, 0, 2, 7)",15861.692637128763
"(1, 0, 1)","(0, 1, 0, 7)",19250.01731632896
"(1, 0, 1)","(0, 1, 1, 7)",15871.179412436695
"(1, 0, 1)","(0, 1, 2, 7)",15858.873916293767
"(1, 0, 1)","(0, 2, 0, 7)",24983.155090916065
"(1, 0, 1)","(0, 2, 1, 7)",19256.168903713937
"(1, 0, 1)","(0, 2, 2, 7)",15949.177869558887
"(1, 0, 1)","(1, 0, 0, 7)",15854.786634697524
"(1, 0, 1)","(1, 0, 1, 7)",15854.689052839609
"(1, 0, 1)","(1, 0, 2, 7)",15843.999620909366
"(1, 0, 1)","(1, 1, 0, 7)",17888.36817242566
"(1, 0, 1)","(1, 1, 1, 7)",15873.178648939152
"(1, 0, 1)","(1, 1, 2, 7)",15859.021026351078
"(1, 0, 1)","(1, 2, 0, 7)",21993.631292206752
"(1, 0, 1)","(1, 2, 1, 7)",17917.185649967163
"(1, 0, 1)","(1, 2, 2, 7)",16113.39059762666
"(1, 0, 1)","(2, 0, 0, 7)",17885.447236201224
"(1, 0, 1)","(2, 0, 1, 7)",15845.473734431325
"(1, 0, 1)","(2, 0, 2, 7)",15848.014126096736
"(1, 0, 1)","(2, 1, 0, 7)",17328.480253580106
"(1, 0, 1)","(2, 1, 1, 7)",15865.764809507282
"(1, 0, 1)","(2, 1, 2, 7)",15861.028307638686
"(1, 0, 1)","(2, 2, 0, 7)",20615.036695486284
"(1, 0, 1)","(2, 2, 1, 7)",17360.885265313435
"(1, 0, 1)","(2, 2, 2, 7)",15970.573127027876
"(1, 0, 2)","(0, 0, 0, 7)",15863.927942769837
"(1, 0, 2)","(0, 0, 1, 7)",15852.313335136665
"(1, 0, 2)","(0, 0, 2, 7)",15902.643313895458
"(1, 0, 2)","(0, 1, 0, 7)",19197.818452011117
"(1, 0, 2)","(0, 1, 1, 7)",15870.703932499924
"(1, 0, 2)","(0, 1, 2, 7)",15858.417266203725
"(1, 0, 2)","(0, 2, 0, 7)",24887.320032529475
"(1, 0, 2)","(0, 2, 1, 7)",19203.454652306937
"(1, 0, 2)","(0, 2, 2, 7)",15947.590041232063
"(1, 0, 2)","(1, 0, 0, 7)",15856.203934540556
"(1, 0, 2)","(1, 0, 1, 7)",15856.940041360607
"(1, 0, 2)","(1, 0, 2, 7)",15842.314541293657
"(1, 0, 2)","(1, 1, 0, 7)",17866.66103797961
"(1, 0, 2)","(1, 1, 1, 7)",15872.703082570593
"(1, 0, 2)","(1, 1, 2, 7)",15858.502010117107
"(1, 0, 2)","(1, 2, 0, 7)",21929.15732424757
"(1, 0, 2)","(1, 2, 1, 7)",17892.431069691374
"(1, 0, 2)","(1, 2, 2, 7)",15951.225358346146
"(1, 0, 2)","(2, 0, 0, 7)",17864.583050748155
"(1, 0, 2)","(2, 0, 1, 7)",15850.399717462165
"(1, 0, 2)","(2, 0, 2, 7)",15840.795477465806
"(1, 0, 2)","(2, 1, 0, 7)",17323.114094080134
"(1, 0, 2)","(2, 1, 1, 7)",15867.267618852755
"(1, 0, 2)","(2, 1, 2, 7)",15860.583673199248
"(1, 0, 2)","(2, 2, 0, 7)",20587.967655951783
"(1, 0, 2)","(2, 2, 1, 7)",17355.4646270286
"(1, 0, 2)","(2, 2, 2, 7)",16041.170425420189
"(1, 1, 0)","(0, 0, 0, 7)",15862.862664758315
"(1, 1, 0)","(0, 0, 1, 7)",15851.22539099572
"(1, 1, 0)","(0, 0, 2, 7)",15837.25523390964
"(1, 1, 0)","(0, 1, 0, 7)",19675.783328514088
"(1, 1, 0)","(0, 1, 1, 7)",15872.049275767755
"(1, 1, 0)","(0, 1, 2, 7)",15859.32732649166
"(1, 1, 0)","(0, 2, 0, 7)",25637.115646139537
"(1, 1, 0)","(0, 2, 1, 7)",19681.816674088695
"(1, 1, 0)","(0, 2, 2, 7)",15949.014467507644
"(1, 1, 0)","(1, 0, 0, 7)",15851.233317069535
"(1, 1, 0)","(1, 0, 1, 7)",15853.030990632444
"(1, 1, 0)","(1, 0, 2, 7)",15838.319696404913
"(1, 1, 0)","(1, 1, 0, 7)",18137.74568042618
"(1, 1, 0)","(1, 1, 1, 7)",15874.04846551441
"(1, 1, 0)","(1, 1, 2, 7)",15859.404704596229
"(1, 1, 0)","(1, 2, 0, 7)",22438.7657873332
"(1, 1, 0)","(1, 2, 1, 7)",18169.704899077362
"(1, 1, 0)","(1, 2, 2, 7)",15957.702174041267
"(1, 1, 0)","(2, 0, 0, 7)",15837.268281600189
"(1, 1, 0)","(2, 0, 1, 7)",15838.198215478715
"(1, 1, 0)","(2, 0, 2, 7)",15839.532543793906
"(1, 1, 0)","(2, 1, 0, 7)",17509.26514043717
"(1, 1, 0)","(2, 1, 1, 7)",15864.426356911059
"(1, 1, 0)","(2, 1, 2, 7)",15861.403701535262
"(1, 1, 0)","(2, 2, 0, 7)",20967.930504103093
"(1, 1, 0)","(2, 2, 1, 7)",17541.739401048802
"(1, 1, 0)","(2, 2, 2, 7)",15999.533977766081
"(1, 1, 1)","(0, 0, 0, 7)",15862.886640955847
"(1, 1, 1)","(0, 0, 1, 7)",15850.547691640222
"(1, 1, 1)","(0, 0, 2, 7)",15837.28694645535
"(1, 1, 1)","(0, 1, 0, 7)",19611.920360164397
"(1, 1, 1)","(0, 1, 1, 7)",15871.743438380625
"(1, 1, 1)","(0, 1, 2, 7)",15858.159227693275
"(1, 1, 1)","(0, 2, 0, 7)",25521.491350395343
"(1, 1, 1)","(0, 2, 1, 7)",19617.013427569764
"(1, 1, 1)","(0, 2, 2, 7)",15947.866731831466
"(1, 1, 1)","(1, 0, 0, 7)",15853.15962621552
"(1, 1, 1)","(1, 0, 1, 7)",15853.00566915956
"(1, 1, 1)","(1, 0, 2, 7)",15838.240815359914
"(1, 1, 1)","(1, 1, 0, 7)",18133.471245056222
"(1, 1, 1)","(1, 1, 1, 7)",15873.742706192501
"(1, 1, 1)","(1, 1, 2, 7)",15858.12900167631
"(1, 1, 1)","(1, 2, 0, 7)",22418.486775054836
"(1, 1, 1)","(1, 2, 1, 7)",18162.081575337346
"(1, 1, 1)","(1, 2, 2, 7)",15949.929050513223
"(1, 1, 1)","(2, 0, 0, 7)",15839.221150627523
"(1, 1, 1)","(2, 0, 1, 7)",15840.13180052545
"(1, 1, 1)","(2, 0, 2, 7)",15839.434163473443
"(1, 1, 1)","(2, 1, 0, 7)",17511.110717095653
"(1, 1, 1)","(2, 1, 1, 7)",15865.845232558224
"(1, 1, 1)","(2, 1, 2, 7)",15861.01328857819
"(1, 1, 1)","(2, 2, 0, 7)",20962.886536549027
"(1, 1, 1)","(2, 2, 1, 7)",17542.134958700735
"(1, 1, 1)","(2, 2, 2, 7)",71959.28946863305
"(1, 1, 2)","(0, 0, 0, 7)",15861.88050658534
"(1, 1, 2)","(0, 0, 1, 7)",15850.355349181795
"(1, 1, 2)","(0, 0, 2, 7)",15836.39283105445
"(1, 1, 2)","(0, 1, 0, 7)",19595.281358764885
"(1, 1, 2)","(0, 1, 1, 7)",15870.583519248465
"(1, 1, 2)","(0, 1, 2, 7)",15858.26112757572
"(1, 1, 2)","(0, 2, 0, 7)",25486.139379456567
"(1, 1, 2)","(0, 2, 1, 7)",19600.440266841513
"(1, 1, 2)","(0, 2, 2, 7)",15955.535833782706
"(1, 1, 2)","(1, 0, 0, 7)",15854.208566221689
"(1, 1, 2)","(1, 0, 1, 7)",15852.268451754
"(1, 1, 2)","(1, 0, 2, 7)",15837.252656001407
"(1, 1, 2)","(1, 1, 0, 7)",18133.99574612987
"(1, 1, 2)","(1, 1, 1, 7)",15873.547184082345
"(1, 1, 2)","(1, 1, 2, 7)",15859.038766236139
"(1, 1, 2)","(1, 2, 0, 7)",22414.20592184781
"(1, 1, 2)","(1, 2, 1, 7)",18159.454043122023
"(1, 1, 2)","(1, 2, 2, 7)",15949.80516392622
"(1, 1, 2)","(2, 0, 0, 7)",15840.803168361195
"(1, 1, 2)","(2, 0, 1, 7)",15841.689098099812
"(1, 1, 2)","(2, 0, 2, 7)",15838.259541284024
"(1, 1, 2)","(2, 1, 0, 7)",17511.24079620278
"(1, 1, 2)","(2, 1, 1, 7)",15867.460124874287
"(1, 1, 2)","(2, 1, 2, 7)",15861.035719011816
"(1, 1, 2)","(2, 2, 0, 7)",20964.348675343568
"(1, 1, 2)","(2, 2, 1, 7)",17543.947445026937
"(1, 1, 2)","(2, 2, 2, 7)",16007.541222670152
"(1, 2, 0)","(0, 0, 0, 7)",18051.08502381161
"(1, 2, 0)","(0, 0, 1, 7)",18036.70531054352
"(1, 2, 0)","(0, 0, 2, 7)",18020.726726492925
"(1, 2, 0)","(0, 1, 0, 7)",21795.608669584755
"(1, 2, 0)","(0, 1, 1, 7)",18056.683289766883
"(1, 2, 0)","(0, 1, 2, 7)",18040.509940618635
"(1, 2, 0)","(0, 2, 0, 7)",27736.20876184443
"(1, 2, 0)","(0, 2, 1, 7)",21796.060694332857
"(1, 2, 0)","(0, 2, 2, 7)",18128.019927872687
"(1, 2, 0)","(1, 0, 0, 7)",18036.711898201604
"(1, 2, 0)","(1, 0, 1, 7)",18038.65580585427
"(1, 2, 0)","(1, 0, 2, 7)",18020.296557822036
"(1, 2, 0)","(1, 1, 0, 7)",20287.044247647747
"(1, 2, 0)","(1, 1, 1, 7)",18058.68213224069
"(1, 2, 0)","(1, 1, 2, 7)",18041.462274887635
"(1, 2, 0)","(1, 2, 0, 7)",24517.26108757867
"(1, 2, 0)","(1, 2, 1, 7)",20316.127860466295
"(1, 2, 0)","(1, 2, 2, 7)",18163.031879486618
"(1, 2, 0)","(2, 0, 0, 7)",18020.588865790996
"(1, 2, 0)","(2, 0, 1, 7)",18020.25826189129
"(1, 2, 0)","(2, 0, 2, 7)",18019.17443146037
"(1, 2, 0)","(2, 1, 0, 7)",19721.688198815922
"(1, 2, 0)","(2, 1, 1, 7)",18046.637992602547
"(1, 2, 0)","(2, 1, 2, 7)",18043.524982744057
"(1, 2, 0)","(2, 2, 0, 7)",23152.606679275803
"(1, 2, 0)","(2, 2, 1, 7)",19751.32446129561
"(1, 2, 0)","(2, 2, 2, 7)",18175.48494208712
"(1, 2, 1)","(0, 0, 0, 7)",15867.16111543483
"(1, 2, 1)","(0, 0, 1, 7)",15855.45016449337
"(1, 2, 1)","(0, 0, 2, 7)",15841.51709980383
"(1, 2, 1)","(0, 1, 0, 7)",19680.121373353933
"(1, 2, 1)","(0, 1, 1, 7)",15886.169068483203
"(1, 2, 1)","(0, 1, 2, 7)",15873.643214114416
"(1, 2, 1)","(0, 2, 0, 7)",25639.312541046394
"(1, 2, 1)","(0, 2, 1, 7)",19695.22722222418
"(1, 2, 1)","(0, 2, 2, 7)",16057.609776273275
"(1, 2, 1)","(1, 0, 0, 7)",15857.545249586925
"(1, 2, 1)","(1, 0, 1, 7)",15857.436655041762
"(1, 2, 1)","(1, 0, 2, 7)",15843.048536844635
"(1, 2, 1)","(1, 1, 0, 7)",18145.510324669776
"(1, 2, 1)","(1, 1, 1, 7)",15888.169278489579
"(1, 2, 1)","(1, 1, 2, 7)",15873.151907173513
"(1, 2, 1)","(1, 2, 0, 7)",22445.590656186483
"(1, 2, 1)","(1, 2, 1, 7)",18184.747103799462
"(1, 2, 1)","(1, 2, 2, 7)",15996.329771370834
"(1, 2, 1)","(2, 0, 0, 7)",15843.820162215867
"(1, 2, 1)","(2, 0, 1, 7)",15845.292489062882
"(1, 2, 1)","(2, 0, 2, 7)",15843.743425867895
"(1, 2, 1)","(2, 1, 0, 7)",17517.019056939353
"(1, 2, 1)","(2, 1, 1, 7)",15882.45206119169
"(1, 2, 1)","(2, 1, 2, 7)",15875.141095423
"(1, 2, 1)","(2, 2, 0, 7)",20975.08503821215
"(1, 2, 1)","(2, 2, 1, 7)",17560.32256668836
"(1, 2, 1)","(2, 2, 2, 7)",16051.48166413538
"(1, 2, 2)","(0, 0, 0, 7)",15865.711130487565
"(1, 2, 2)","(0, 0, 1, 7)",15854.17105389308
"(1, 2, 2)","(0, 0, 2, 7)",15840.317245546079
"(1, 2, 2)","(0, 1, 0, 7)",19293.403164920426
"(1, 2, 2)","(0, 1, 1, 7)",15891.567846045084
"(1, 2, 2)","(0, 1, 2, 7)",15924.486979322823
"(1, 2, 2)","(0, 2, 0, 7)",25055.842651906343
"(1, 2, 2)","(0, 2, 1, 7)",
"(1, 2, 2)","(0, 2, 2, 7)",17088.767334247
"(1, 2, 2)","(1, 0, 0, 7)",15858.109531005277
"(1, 2, 2)","(1, 0, 1, 7)",15856.120705574544
"(1, 2, 2)","(1, 0, 2, 7)",15841.686283346797
"(1, 2, 2)","(1, 1, 0, 7)",17930.031861510644
"(1, 2, 2)","(1, 1, 1, 7)",15891.222193927077
"(1, 2, 2)","(1, 1, 2, 7)",15876.418179801372
"(1, 2, 2)","(1, 2, 0, 7)",22039.105416435
"(1, 2, 2)","(1, 2, 1, 7)",18127.106251290883
"(1, 2, 2)","(1, 2, 2, 7)",16125.013214319384
"(1, 2, 2)","(2, 0, 0, 7)",15845.19885100242
"(1, 2, 2)","(2, 0, 1, 7)",15846.597011507432
"(1, 2, 2)","(2, 0, 2, 7)",15842.0507183798
"(1, 2, 2)","(2, 1, 0, 7)",17497.72895598897
"(1, 2, 2)","(2, 1, 1, 7)",15882.931346348507
"(1, 2, 2)","(2, 1, 2, 7)",15895.406891773328
"(1, 2, 2)","(2, 2, 0, 7)",20973.287473693086
"(1, 2, 2)","(2, 2, 1, 7)",17560.023304365277
"(1, 2, 2)","(2, 2, 2, 7)",17828.386031341943
"(2, 0, 0)","(0, 0, 0, 7)",15864.427692765916
"(2, 0, 0)","(0, 0, 1, 7)",15854.776011171529
"(2, 0, 0)","(0, 0, 2, 7)",15841.242318337034
"(2, 0, 0)","(0, 1, 0, 7)",19244.766484096413
"(2, 0, 0)","(0, 1, 1, 7)",15873.445312045082
"(2, 0, 0)","(0, 1, 2, 7)",15860.513998546241
"(2, 0, 0)","(0, 2, 0, 7)",24963.647460833457
"(2, 0, 0)","(0, 2, 1, 7)",19253.824759859497
"(2, 0, 0)","(0, 2, 2, 7)",15950.690689968227
"(2, 0, 0)","(1, 0, 0, 7)",19241.857794103955
"(2, 0, 0)","(1, 0, 1, 7)",15854.67122278089
"(2, 0, 0)","(1, 0, 2, 7)",15850.49390592715
"(2, 0, 0)","(1, 1, 0, 7)",17885.019474179582
"(2, 0, 0)","(1, 1, 1, 7)",15873.180544571002
"(2, 0, 0)","(1, 1, 2, 7)",15860.781247744899
"(2, 0, 0)","(1, 2, 0, 7)",21984.93727787876
"(2, 0, 0)","(1, 2, 1, 7)",17916.350538125404
"(2, 0, 0)","(1, 2, 2, 7)",15955.977823883914
"(2, 0, 0)","(2, 0, 0, 7)",17882.2041410474
"(2, 0, 0)","(2, 0, 1, 7)",15842.301310337421
"(2, 0, 0)","(2, 0, 2, 7)",15844.284567093091
"(2, 0, 0)","(2, 1, 0, 7)",17325.93857580301
"(2, 0, 0)","(2, 1, 1, 7)",15863.217559479473
"(2, 0, 0)","(2, 1, 2, 7)",15861.023457189738
"(2, 0, 0)","(2, 2, 0, 7)",20610.240614759343
"(2, 0, 0)","(2, 2, 1, 7)",17357.673058284792
"(2, 0, 0)","(2, 2, 2, 7)",16004.989203135088
"(2, 0, 1)","(0, 0, 0, 7)",15866.289054877163
"(2, 0, 1)","(0, 0, 1, 7)",15854.653745126481
"(2, 0, 1)","(0, 0, 2, 7)",15842.311667532475
"(2, 0, 1)","(0, 1, 0, 7)",19120.680594342768
"(2, 0, 1)","(0, 1, 1, 7)",15873.9181143443
"(2, 0, 1)","(0, 1, 2, 7)",15861.649443148954
"(2, 0, 1)","(0, 2, 0, 7)",24251.177297530394
"(2, 0, 1)","(0, 2, 1, 7)",19126.229213523984
"(2, 0, 1)","(0, 2, 2, 7)",15950.8250633503
"(2, 0, 1)","(1, 0, 0, 7)",15854.633069694348
"(2, 0, 1)","(1, 0, 1, 7)",15856.805879106187
"(2, 0, 1)","(1, 0, 2, 7)",15841.815351320307
"(2, 0, 1)","(1, 1, 0, 7)",17827.2207979311
"(2, 0, 1)","(1, 1, 1, 7)",15875.829975995908
"(2, 0, 1)","(1, 1, 2, 7)",15861.893974858018
"(2, 0, 1)","(1, 2, 0, 7)",21531.099029879784
"(2, 0, 1)","(1, 2, 1, 7)",17858.675244030957
"(2, 0, 1)","(1, 2, 2, 7)",15952.071992726342
"(2, 0, 1)","(2, 0, 0, 7)",15840.755101378654
"(2, 0, 1)","(2, 0, 1, 7)",15841.693370546376
"(2, 0, 1)","(2, 0, 2, 7)",15844.940545315754
"(2, 0, 1)","(2, 1, 0, 7)",17291.018948561654
"(2, 0, 1)","(2, 1, 1, 7)",15866.314010243303
"(2, 0, 1)","(2, 1, 2, 7)",15864.014535618571
"(2, 0, 1)","(2, 2, 0, 7)",20285.511307373563
"(2, 0, 1)","(2, 2, 1, 7)",17323.79264051243
"(2, 0, 1)","(2, 2, 2, 7)",16137.008782712299
"(2, 0, 2)","(0, 0, 0, 7)",15866.029908459972
"(2, 0, 2)","(0, 0, 1, 7)",15854.411444987665
"(2, 0, 2)","(0, 0, 2, 7)",15994.273608732416
"(2, 0, 2)","(0, 1, 0, 7)",19070.35754006009
"(2, 0, 2)","(0, 1, 1, 7)",15873.962933810404
"(2, 0, 2)","(0, 1, 2, 7)",15880.025529008768
"(2, 0, 2)","(0, 2, 0, 7)",24245.07300221778
"(2, 0, 2)","(0, 2, 1, 7)",19075.784009254363
"(2, 0, 2)","(0, 2, 2, 7)",15951.314825072415
"(2, 0, 2)","(1, 0, 0, 7)",19074.320696394512
"(2, 0, 2)","(1, 0, 1, 7)",15869.207098230876
"(2, 0, 2)","(1, 0, 2, 7)",15855.03849131963
"(2, 0, 2)","(1, 1, 0, 7)",17817.884148659658
"(2, 0, 2)","(1, 1, 1, 7)",15930.135738439829
"(2, 0, 2)","(1, 1, 2, 7)",15868.056450071004
"(2, 0, 2)","(1, 2, 0, 7)",21530.93227086998
"(2, 0, 2)","(1, 2, 1, 7)",17845.647335872447
"(2, 0, 2)","(1, 2, 2, 7)",16001.796184387333
"(2, 0, 2)","(2, 0, 0, 7)",17818.535938934245
"(2, 0, 2)","(2, 0, 1, 7)",15852.094288690252
"(2, 0, 2)","(2, 0, 2, 7)",15876.760910512177
"(2, 0, 2)","(2, 1, 0, 7)",17291.37258287746
"(2, 0, 2)","(2, 1, 1, 7)",15887.34197997248
"(2, 0, 2)","(2, 1, 2, 7)",15943.382532878639
"(2, 0, 2)","(2, 2, 0, 7)",20286.051179059454
"(2, 0, 2)","(2, 2, 1, 7)",17323.799372689078
"(2, 0, 2)","(2, 2, 2, 7)",16015.089967471105
"(2, 1, 0)","(0, 0, 0, 7)",15862.33753783419
"(2, 1, 0)","(0, 0, 1, 7)",15852.621805186449
"(2, 1, 0)","(0, 0, 2, 7)",15838.702483448651
"(2, 1, 0)","(0, 1, 0, 7)",19670.303024883673
"(2, 1, 0)","(0, 1, 1, 7)",15874.47123566012
"(2, 1, 0)","(0, 1, 2, 7)",15860.792427589891
"(2, 1, 0)","(0, 2, 0, 7)",25629.43665448529
"(2, 1, 0)","(0, 2, 1, 7)",19678.911253462342
"(2, 1, 0)","(0, 2, 2, 7)",15951.749118227635
"(2, 1, 0)","(1, 0, 0, 7)",15850.733983503133
"(2, 1, 0)","(1, 0, 1, 7)",15852.634916300543
"(2, 1, 0)","(1, 0, 2, 7)",15839.73219880378
"(2, 1, 0)","(1, 1, 0, 7)",18134.383871107355
"(2, 1, 0)","(1, 1, 1, 7)",15873.911274024524
"(2, 1, 0)","(1, 1, 2, 7)",15861.373647583758
"(2, 1, 0)","(1, 2, 0, 7)",22428.11753060026
"(2, 1, 0)","(1, 2, 1, 7)",18165.65260677543
"(2, 1, 0)","(1, 2, 2, 7)",15955.84891147537
"(2, 1, 0)","(2, 0, 0, 7)",15836.817992547783
"(2, 1, 0)","(2, 0, 1, 7)",15837.61985930306
"(2, 1, 0)","(2, 0, 2, 7)",15839.047365441565
"(2, 1, 0)","(2, 1, 0, 7)",17508.978310043578
"(2, 1, 0)","(2, 1, 1, 7)",15863.36301501521
"(2, 1, 0)","(2, 1, 2, 7)",15861.450967467674
"(2, 1, 0)","(2, 2, 0, 7)",20965.873436800546
"(2, 1, 0)","(2, 2, 1, 7)",17540.75823272307
"(2, 1, 0)","(2, 2, 2, 7)",16198.594510948598
"(2, 1, 1)","(0, 0, 0, 7)",15864.35957541115
"(2, 1, 1)","(0, 0, 1, 7)",15852.699766132522
"(2, 1, 1)","(0, 0, 2, 7)",15838.78244228951
"(2, 1, 1)","(0, 1, 0, 7)",19599.640889467653
"(2, 1, 1)","(0, 1, 1, 7)",15873.945000468888
"(2, 1, 1)","(0, 1, 2, 7)",15861.192956283192
"(2, 1, 1)","(0, 2, 0, 7)",25494.932470737156
"(2, 1, 1)","(0, 2, 1, 7)",19604.882061983786
"(2, 1, 1)","(0, 2, 2, 7)",15958.085379138742
"(2, 1, 1)","(1, 0, 0, 7)",15852.705094543395
"(2, 1, 1)","(1, 0, 1, 7)",15854.616817368487
"(2, 1, 1)","(1, 0, 2, 7)",15839.733070429622
"(2, 1, 1)","(1, 1, 0, 7)",18136.587348495905
"(2, 1, 1)","(1, 1, 1, 7)",15875.943732289199
"(2, 1, 1)","(1, 1, 2, 7)",15861.465342430103
"(2, 1, 1)","(1, 2, 0, 7)",22410.722166667547
"(2, 1, 1)","(1, 2, 1, 7)",18167.737289174205
"(2, 1, 1)","(1, 2, 2, 7)",15954.230864705412
"(2, 1, 1)","(2, 0, 0, 7)",15838.797765493351
"(2, 1, 1)","(2, 0, 1, 7)",15839.609233379844
"(2, 1, 1)","(2, 0, 2, 7)",15841.049386502053
"(2, 1, 1)","(2, 1, 0, 7)",17511.01712354902
"(2, 1, 1)","(2, 1, 1, 7)",15865.380947849782
"(2, 1, 1)","(2, 1, 2, 7)",15863.463799292902
"(2, 1, 1)","(2, 2, 0, 7)",20961.02262508123
"(2, 1, 1)","(2, 2, 1, 7)",17542.771626101738
"(2, 1, 1)","(2, 2, 2, 7)",15974.794073029936
"(2, 1, 2)","(0, 0, 0, 7)",15863.900721284623
"(2, 1, 2)","(0, 0, 1, 7)",15852.382210544562
"(2, 1, 2)","(0, 0, 2, 7)",15838.393205651993
"(2, 1, 2)","(0, 1, 0, 7)",18825.286498150628
"(2, 1, 2)","(0, 1, 1, 7)",15872.526815679454
"(2, 1, 2)","(0, 1, 2, 7)",15860.19631970221
"(2, 1, 2)","(0, 2, 0, 7)",24305.81882908145
"(2, 1, 2)","(0, 2, 1, 7)",18873.50931463407
"(2, 1, 2)","(0, 2, 2, 7)",15950.9832718004
"(2, 1, 2)","(1, 0, 0, 7)",15854.250786834118
"(2, 1, 2)","(1, 0, 1, 7)",15854.2569613513
"(2, 1, 2)","(1, 0, 2, 7)",15839.257820936866
"(2, 1, 2)","(1, 1, 0, 7)",18133.112229800332
"(2, 1, 2)","(1, 1, 1, 7)",15874.52654226265
"(2, 1, 2)","(1, 1, 2, 7)",15860.143740330885
"(2, 1, 2)","(1, 2, 0, 7)",21553.690657969266
"(2, 1, 2)","(1, 2, 1, 7)",18166.994109440584
"(2, 1, 2)","(1, 2, 2, 7)",15952.811602516009
"(2, 1, 2)","(2, 0, 0, 7)",15840.429917379237
"(2, 1, 2)","(2, 0, 1, 7)",15841.173566692778
"(2, 1, 2)","(2, 0, 2, 7)",15840.25053336755
"(2, 1, 2)","(2, 1, 0, 7)",17510.625897031285
"(2, 1, 2)","(2, 1, 1, 7)",15866.905998603554
"(2, 1, 2)","(2, 1, 2, 7)",15862.278001919056
"(2, 1, 2)","(2, 2, 0, 7)",20300.460982849785
"(2, 1, 2)","(2, 2, 1, 7)",17544.11182520103
"(2, 1, 2)","(2, 2, 2, 7)",15986.935961063322
"(2, 2, 0)","(0, 0, 0, 7)",17414.298754231342
"(2, 2, 0)","(0, 0, 1, 7)",17403.01030633071
"(2, 2, 0)","(0, 0, 2, 7)",17387.973612828762
"(2, 2, 0)","(0, 1, 0, 7)",21211.60862780548
"(2, 2, 0)","(0, 1, 1, 7)",17423.56388016621
"(2, 2, 0)","(0, 1, 2, 7)",17407.458876107637
"(2, 2, 0)","(0, 2, 0, 7)",27173.292963634827
"(2, 2, 0)","(0, 2, 1, 7)",21216.7503806675
"(2, 2, 0)","(0, 2, 2, 7)",17538.69588700925
"(2, 2, 0)","(1, 0, 0, 7)",17400.825841833575
"(2, 2, 0)","(1, 0, 1, 7)",17402.83415969178
"(2, 2, 0)","(1, 0, 2, 7)",17389.070865542126
"(2, 2, 0)","(1, 1, 0, 7)",19661.468415970983
"(2, 2, 0)","(1, 1, 1, 7)",17422.67746463039
"(2, 2, 0)","(1, 1, 2, 7)",17408.736285213927
"(2, 2, 0)","(1, 2, 0, 7)",23936.67770022566
"(2, 2, 0)","(1, 2, 1, 7)",19690.733813181694
"(2, 2, 0)","(1, 2, 2, 7)",17498.69343679748
"(2, 2, 0)","(2, 0, 0, 7)",17385.791395941033
"(2, 2, 0)","(2, 0, 1, 7)",17386.879111879138
"(2, 2, 0)","(2, 0, 2, 7)",17387.434420905527
"(2, 2, 0)","(2, 1, 0, 7)",19057.253878706408
"(2, 2, 0)","(2, 1, 1, 7)",17407.44796432678
"(2, 2, 0)","(2, 1, 2, 7)",17408.154629385517
"(2, 2, 0)","(2, 2, 0, 7)",22511.320048222704
"(2, 2, 0)","(2, 2, 1, 7)",19087.084081682486
"(2, 2, 0)","(2, 2, 2, 7)",17512.985937318434
"(2, 2, 1)","(0, 0, 0, 7)",15869.505086691177
"(2, 2, 1)","(0, 0, 1, 7)",15856.8793286549
"(2, 2, 1)","(0, 0, 2, 7)",15842.998778773177
"(2, 2, 1)","(0, 1, 0, 7)",19677.195080478225
"(2, 2, 1)","(0, 1, 1, 7)",15888.763366102678
"(2, 2, 1)","(0, 1, 2, 7)",15875.132535558701
"(2, 2, 1)","(0, 2, 0, 7)",25635.27598066483
"(2, 2, 1)","(0, 2, 1, 7)",19692.29921477597
"(2, 2, 1)","(0, 2, 2, 7)",16134.527089156916
"(2, 2, 1)","(1, 0, 0, 7)",15856.875843369016
"(2, 2, 1)","(1, 0, 1, 7)",15858.877471004791
"(2, 2, 1)","(1, 0, 2, 7)",15844.50925145912
"(2, 2, 1)","(1, 1, 0, 7)",18141.655962328008
"(2, 2, 1)","(1, 1, 1, 7)",15890.148679423037
"(2, 2, 1)","(1, 1, 2, 7)",15875.109366336494
"(2, 2, 1)","(1, 2, 0, 7)",22434.474370480784
"(2, 2, 1)","(1, 2, 1, 7)",18183.67434973864
"(2, 2, 1)","(1, 2, 2, 7)",16030.7759636017
"(2, 2, 1)","(2, 0, 0, 7)",15842.971218481043
"(2, 2, 1)","(2, 0, 1, 7)",15844.367455997679
"(2, 2, 1)","(2, 0, 2, 7)",15845.576472713501
"(2, 2, 1)","(2, 1, 0, 7)",17516.30547804529
"(2, 2, 1)","(2, 1, 1, 7)",15881.014628844707
"(2, 2, 1)","(2, 1, 2, 7)",15877.098827395568
"(2, 2, 1)","(2, 2, 0, 7)",20972.572121480025
"(2, 2, 1)","(2, 2, 1, 7)",17558.914867130152
"(2, 2, 1)","(2, 2, 2, 7)",16023.439593535699
"(2, 2, 2)","(0, 0, 0, 7)",15867.701715928935
"(2, 2, 2)","(0, 0, 1, 7)",15855.90371163934
"(2, 2, 2)","(0, 0, 2, 7)",15842.029008389765
"(2, 2, 2)","(0, 1, 0, 7)",19349.739842640163
"(2, 2, 2)","(0, 1, 1, 7)",15889.262567719094
"(2, 2, 2)","(0, 1, 2, 7)",15877.758345064953
"(2, 2, 2)","(0, 2, 0, 7)",24991.788457708128
"(2, 2, 2)","(0, 2, 1, 7)",19696.849805283306
"(2, 2, 2)","(0, 2, 2, 7)",16096.30935484481
"(2, 2, 2)","(1, 0, 0, 7)",15857.910963226012
"(2, 2, 2)","(1, 0, 1, 7)",15857.885344169466
"(2, 2, 2)","(1, 0, 2, 7)",15843.50987832191
"(2, 2, 2)","(1, 1, 0, 7)",18143.546014712643
"(2, 2, 2)","(1, 1, 1, 7)",15891.190696414315
"(2, 2, 2)","(1, 1, 2, 7)",15875.683533156893
"(2, 2, 2)","(1, 2, 0, 7)",22437.41061436231
"(2, 2, 2)","(1, 2, 1, 7)",18185.8416167328
"(2, 2, 2)","(1, 2, 2, 7)",16012.158420407108
"(2, 2, 2)","(2, 0, 0, 7)",15844.407759391688
"(2, 2, 2)","(2, 0, 1, 7)",15845.807980313075
"(2, 2, 2)","(2, 0, 2, 7)",15844.512941041003
"(2, 2, 2)","(2, 1, 0, 7)",17518.29203885226
"(2, 2, 2)","(2, 1, 1, 7)",15880.429233774743
"(2, 2, 2)","(2, 1, 2, 7)",15877.529092137369
"(2, 2, 2)","(2, 2, 0, 7)",20975.765625617107
"(2, 2, 2)","(2, 2, 1, 7)",17561.00971643821
"(2, 2, 2)","(2, 2, 2, 7)",17206.131704409072
